{"sacrebleu": {"score": 41.417037946827165, "counts": [14178, 8480, 5289, 3209], "totals": [20219, 17719, 15219, 12719], "precisions": [70.12216232256789, 47.85823127716011, 34.75261186674552, 25.229970909662708], "bp": 1.0, "sys_len": 20219, "ref_len": 20135}, "comet": 0.4537054637990892}