{"sacrebleu": {"score": 43.46091111894899, "counts": [14429, 8766, 5534, 3425], "totals": [19933, 17433, 14933, 12435], "precisions": [72.38749811869764, 50.28394424367579, 37.05886292104734, 27.54322476879775], "bp": 0.9899172267145135, "sys_len": 19933, "ref_len": 20135}, "comet": 0, "unigram_f1": 0.6645267649934432}