{"sacrebleu": {"score": 41.10560876065064, "counts": [14153, 8406, 5191, 3135], "totals": [20106, 17606, 15106, 12609], "precisions": [70.3919228091117, 47.74508690219243, 34.36382894214219, 24.86319295741137], "bp": 0.9985586841790205, "sys_len": 20106, "ref_len": 20135}, "comet": 0.41366698720604184}