{"sacrebleu": {"score": 41.3511952582684, "counts": [14140, 8431, 5253, 3203], "totals": [20174, 17674, 15175, 12679], "precisions": [70.09021512838306, 47.70284033042888, 34.6161449752883, 25.262244656518654], "bp": 1.0, "sys_len": 20174, "ref_len": 20135}, "comet": 0}