{"sacrebleu": {"score": 29.4117167464062, "counts": [12189, 6258, 3449, 1819], "totals": [18937, 16437, 13938, 11445], "precisions": [64.3660558694619, 38.072640992881915, 24.745300617018223, 15.893403232852775], "bp": 0.9386971306540841, "sys_len": 18937, "ref_len": 20135}, "comet": -0.16436607684195043}