{"loss": 0.7292290299425428, "acc": 0.8432126239126037, "sacrebleu": {"score": 54.14509259053248, "counts": [3068, 2060, 1421, 954], "totals": [3889, 3389, 2889, 2389], "precisions": [78.88917459501157, 60.78489229861316, 49.186569747317414, 39.93302637086647], "bp": 0.9773748163616287, "sys_len": 3889, "ref_len": 3978}}