{"loss": 0.6969236483338047, "acc": 0.8457573354480571, "sacrebleu": {"score": 21.780141694929263, "counts": [21504, 10393, 5863, 3272], "totals": [45061, 40061, 35064, 30100], "precisions": [47.721976875790595, 25.94293702104291, 16.720853296828658, 10.870431893687707], "bp": 1.0, "sys_len": 45061, "ref_len": 40720}}