{"loss": 2.0980348229885393, "acc": 0.6434594510576014, "sacrebleu": {"score": 23.488331540990103, "counts": [36048, 16654, 8450, 4278], "totals": [63912, 56229, 48547, 40868], "precisions": [56.402553511077734, 29.618168560707108, 17.405812923558614, 10.467847704805717], "bp": 1.0, "sys_len": 63912, "ref_len": 62289}}