{"loss": 1.096811197641395, "acc": 0.815325138778747, "sacrebleu": {"score": 47.15563109639727, "counts": [29031, 18464, 12486, 8381], "totals": [40196, 35196, 30197, 25205], "precisions": [72.22360433874017, 52.46050687578134, 41.34847832566149, 33.25133902003571], "bp": 0.9870484792267312, "sys_len": 40196, "ref_len": 40720}}