{"loss": 1.096491546342467, "acc": 0.8150872323552736, "sacrebleu": {"score": 54.475295623313066, "counts": [31219, 21049, 14795, 10258], "totals": [40139, 35139, 30139, 25142], "precisions": [77.77722414609232, 59.90210307635391, 49.08921994757623, 40.80025455413253], "bp": 0.9856295544346015, "sys_len": 40139, "ref_len": 40720}}