{"loss": 1.7292949797076, "acc": 0.7106859635210151, "sacrebleu": {"score": 36.50563310380013, "counts": [26388, 14875, 9069, 5473], "totals": [38849, 33849, 28849, 23850], "precisions": [67.9245283018868, 43.94516824721558, 31.436098304967242, 22.947589098532493], "bp": 0.952980508973872, "sys_len": 38849, "ref_len": 40720}}