{"loss": 1.096491546342467, "acc": 0.8150872323552736, "sacrebleu": {"score": 46.88384761356469, "counts": [29024, 18408, 12417, 8278], "totals": [40280, 35280, 30280, 25285], "precisions": [72.05561072492551, 52.17687074829932, 41.00726552179657, 32.73877793157999], "bp": 0.9891359099106491, "sys_len": 40280, "ref_len": 40720}}