{"loss": 1.096491546342467, "acc": 0.8150872323552736, "sacrebleu": {"score": 54.608816564265, "counts": [31249, 21092, 14830, 10285], "totals": [40066, 35066, 30066, 25070], "precisions": [77.99381021314831, 60.149432498716706, 49.324818732122665, 41.025129637016356], "bp": 0.9838094324061274, "sys_len": 40066, "ref_len": 40720}}