{"sacrebleu": {"score": 40.57560948027655, "counts": [14094, 8342, 5144, 3084], "totals": [20187, 17687, 15187, 12690], "precisions": [69.81720909496211, 47.164584157856055, 33.87107394482123, 24.30260047281324], "bp": 1.0, "sys_len": 20187, "ref_len": 20135}, "comet": 0.4542857677809894}