{"sacrebleu": {"score": 30.284941050342557, "counts": [12330, 6446, 3568, 1886], "totals": [18817, 16317, 13818, 11324], "precisions": [65.52585428070361, 39.50481093338236, 25.82139238674193, 16.65489226421759], "bp": 0.9323536847760507, "sys_len": 18817, "ref_len": 20135}, "comet": -0.048278374008089306}