{"sacrebleu": {"score": 41.43284359588602, "counts": [14081, 8428, 5241, 3181], "totals": [19916, 17416, 14916, 12418], "precisions": [70.70194818236594, 48.39228295819936, 35.13676588897828, 25.616041230471897], "bp": 0.9890640530636098, "sys_len": 19916, "ref_len": 20135}, "comet": 0.4537770555354655}