{"sacrebleu": {"score": 31.693088524096037, "counts": [12810, 6898, 3953, 2214], "totals": [20624, 18124, 15624, 13125], "precisions": [62.11210240496509, 38.06003089825646, 25.300819252432156, 16.86857142857143], "bp": 1.0, "sys_len": 20624, "ref_len": 20135}, "comet": -0.016021835947781803, "unigram_f1": 0.5446043582554341}